tag,n,nnz,task,C_nnz_ours,C_nnz_cus,ms_ours,ms_cus,speedup,chk_match,status
HB__1138_bus,1138,4054,AA,11142,11142,0.1671,0.3135,1.88,1,ok
HB__1138_bus,1138,4054,AAt,11142,11142,0.1939,0.2038,1.05,1,ok
HB__494_bus,494,1666,AA,4062,4062,0.1621,0.2067,1.28,1,ok
HB__494_bus,494,1666,AAt,4062,4062,0.1772,0.2073,1.17,1,ok
HB__662_bus,662,2474,AA,6480,6480,0.1519,0.2115,1.39,1,ok
HB__662_bus,662,2474,AAt,6480,6480,0.1791,0.2081,1.16,1,ok
HB__685_bus,685,3249,AA,9337,9337,0.1527,0.2134,1.40,1,ok
HB__685_bus,685,3249,AAt,9337,9337,0.1834,0.2074,1.13,1,ok
HB__arc130,130,1282,AA,15631,15631,0.3163,0.2192,0.69,1,ok
HB__arc130,130,1282,AAt,15654,15654,0.4685,0.2197,0.47,1,ok
HB__ash292,292,2208,AA,6042,6042,0.1537,0.2117,1.38,1,ok
HB__ash292,292,2208,AAt,6042,6042,7.7724,0.2238,0.03,1,ok
HB__ash85,85,523,AA,1317,1317,0.0791,0.1975,2.50,1,ok
HB__ash85,85,523,AAt,1317,1317,0.1061,0.1975,1.86,1,ok
HB__bcspwr01,39,131,AA,275,275,0.0744,0.1945,2.61,1,ok
HB__bcspwr01,39,131,AAt,275,275,0.0958,0.1969,2.06,1,ok
HB__bcspwr02,49,167,AA,403,403,0.0760,0.1975,2.60,1,ok
HB__bcspwr02,49,167,AAt,403,403,0.1003,0.2961,2.95,1,ok
HB__bcspwr03,118,476,AA,1270,1270,0.0832,0.1960,2.36,1,ok
HB__bcspwr03,118,476,AAt,1270,1270,0.1068,0.1954,1.83,1,ok
HB__bcspwr04,274,1612,AA,4982,4982,0.1547,0.2000,1.29,1,ok
HB__bcspwr04,274,1612,AAt,4982,4982,0.1840,0.1992,1.08,1,ok
HB__bcspwr05,443,1623,AA,4249,4249,0.1463,0.1979,1.35,1,ok
HB__bcspwr05,443,1623,AAt,4249,4249,0.1692,0.1989,1.18,1,ok
HB__bcspwr06,1454,5300,AA,14110,14110,0.1586,0.2147,1.35,1,ok
HB__bcspwr06,1454,5300,AAt,14110,14110,0.1894,0.2234,1.18,1,ok
HB__bcspwr07,1612,5824,AA,15684,15684,0.1527,0.2118,1.39,1,ok
HB__bcspwr07,1612,5824,AAt,15684,15684,0.1855,0.2035,1.10,1,ok
HB__bcspwr08,1624,6050,AA,16916,16916,0.1617,0.2083,1.29,1,ok
HB__bcspwr08,1624,6050,AAt,16916,16916,0.1848,0.2017,1.09,1,ok
HB__bcspwr09,1723,6511,AA,18485,18485,0.1640,0.2119,1.29,1,ok
HB__bcspwr09,1723,6511,AAt,18485,18485,0.1935,0.2090,1.08,1,ok
HB__bcspwr10,5300,21842,AA,60498,60498,0.1821,6.9602,38.22,1,ok
HB__bcspwr10,5300,21842,AAt,60498,60498,0.2244,8.5821,38.24,1,ok
HB__bcsstk01,48,400,AA,1292,1292,0.0843,0.1950,2.31,1,ok
HB__bcsstk01,48,400,AAt,1292,1292,0.1109,11.5504,104.15,1,ok
HB__bcsstk02,66,4356,AA,4356,4356,0.4144,11.4333,27.59,1,ok
HB__bcsstk02,66,4356,AAt,4356,4356,0.4529,13.6212,30.08,1,ok
HB__bcsstk03,112,640,AA,1072,1072,0.0779,0.2010,2.58,1,ok
HB__bcsstk03,112,640,AAt,1072,1072,0.1023,0.2032,1.99,1,ok
HB__bcsstk04,132,3648,AA,11968,11968,0.2995,13.0132,43.45,1,ok
HB__bcsstk04,132,3648,AAt,11968,11968,0.3563,1.2984,3.64,1,ok
HB__bcsstk05,153,2423,AA,7245,7245,0.1863,0.2209,1.19,1,ok
HB__bcsstk05,153,2423,AAt,7245,7245,7.4166,0.2205,0.03,1,ok
HB__bcsstk06,420,7860,AA,23660,23660,0.1753,2.4896,14.20,1,ok
HB__bcsstk06,420,7860,AAt,23660,23660,0.2241,2.5575,11.41,1,ok
HB__bcsstk07,420,7860,AA,23660,23660,0.1772,3.9932,22.53,1,ok
HB__bcsstk07,420,7860,AAt,23660,23660,0.2182,4.3959,20.15,1,ok
HB__bcsstk08,1074,12960,AA,305679,305612,1.3683,1.5526,1.13,0,ok
HB__bcsstk08,1074,12960,AAt,305680,305612,1.5103,9.7187,6.43,0,ok
HB__bcsstk09,1083,18437,AA,71289,71289,0.1764,0.3806,2.16,1,ok
HB__bcsstk09,1083,18437,AAt,71289,71289,0.2134,0.3801,1.78,1,ok
HB__bcsstk10,1086,22070,AA,54504,54504,0.1891,4.1696,22.05,1,ok
HB__bcsstk10,1086,22070,AAt,54504,54504,0.2181,1.6857,7.73,1,ok
HB__bcsstk11,1473,34241,AA,94187,94187,0.1993,3.8176,19.16,1,ok
HB__bcsstk11,1473,34241,AAt,94187,94187,0.2353,1.9691,8.37,1,ok
HB__bcsstk12,1473,34241,AA,94187,94187,0.1979,0.4741,2.40,1,ok
HB__bcsstk12,1473,34241,AAt,94187,94187,0.2363,0.6178,2.61,1,ok
HB__bcsstk13,2003,83883,AA,396773,396773,1.2431,4.6674,3.75,1,ok
HB__bcsstk13,2003,83883,AAt,396773,396773,1.3659,1.1727,0.86,1,ok
HB__bcsstk14,1806,63454,AA,195654,195654,0.4640,1.3292,2.86,1,ok
HB__bcsstk14,1806,63454,AAt,195654,195654,0.5253,0.8422,1.60,1,ok
HB__bcsstk15,3948,117816,AA,527813,527688,0.9189,1.2165,1.32,0,ok
HB__bcsstk15,3948,117816,AAt,527814,527688,0.6169,1.2470,2.02,0,ok
HB__bcsstk16,4884,290378,AA,1038782,1038782,2.6327,13.3465,5.07,1,ok
HB__bcsstk16,4884,290378,AAt,1038782,1038782,5.7172,9.1123,1.59,1,ok
HB__bcsstk17,10974,428650,AA,1406936,1406936,4.8560,34.8372,7.17,1,ok
HB__bcsstk17,10974,428650,AAt,1406936,1406936,6.0496,15.5829,2.58,1,ok
HB__bcsstk18,11948,149090,AA,713208,713208,3.2090,10.0412,3.13,1,ok
HB__bcsstk18,11948,149090,AAt,713208,713208,4.6179,9.5510,2.07,1,ok
HB__bcsstk19,817,6853,AA,18305,18305,4.0211,11.0614,2.75,1,ok
HB__bcsstk19,817,6853,AAt,18305,18305,4.3323,9.6503,2.23,1,ok
HB__bcsstk20,485,3135,AA,5545,5545,2.5584,7.7292,3.02,1,ok
HB__bcsstk20,485,3135,AAt,5545,5545,3.6092,8.6495,2.40,1,ok
HB__bcsstk21,3600,26600,AA,93072,93072,2.5444,10.6736,4.19,1,ok
HB__bcsstk21,3600,26600,AAt,93072,93072,3.5881,8.1922,2.28,1,ok
HB__bcsstk22,138,696,AA,1552,1552,2.4696,4.9599,2.01,1,ok
HB__bcsstk22,138,696,AAt,1552,1552,3.7222,7.8781,2.12,1,ok
HB__bcsstk23,3134,45178,AA,220632,220632,2.5582,10.0462,3.93,1,ok
HB__bcsstk23,3134,45178,AAt,220632,220632,3.7699,11.3231,3.00,1,ok
HB__bcsstk24,3562,159910,AA,446474,446474,3.7310,11.4773,3.08,1,ok
HB__bcsstk24,3562,159910,AAt,446474,446474,4.8160,13.8597,2.88,1,ok
HB__bcsstk25,15439,252241,AA,1168919,1168919,3.2903,21.9814,6.68,1,ok
HB__bcsstk25,15439,252241,AAt,1168919,1168919,4.1957,17.0326,4.06,1,ok
HB__bcsstk26,1922,30336,AA,92530,92530,3.0353,10.7786,3.55,1,ok
HB__bcsstk26,1922,30336,AAt,92530,92530,5.1233,12.1003,2.36,1,ok
HB__bcsstk27,1224,56126,AA,138106,138106,3.5588,11.7216,3.29,1,ok
HB__bcsstk27,1224,56126,AAt,138106,138106,4.5000,12.6197,2.80,1,ok
HB__bcsstk28,4410,219024,AA,596072,596072,4.3255,13.2662,3.07,1,ok
HB__bcsstk28,4410,219024,AAt,596072,596072,6.0317,13.1514,2.18,1,ok
HB__bcsstk29,13992,619488,AA,1965686,1965686,6.0309,14.6277,2.43,1,ok
HB__bcsstk29,13992,619488,AAt,1965686,1965686,6.5041,17.2690,2.66,1,ok
HB__bcsstk30,28924,2043492,AA,8946070,8946070,37.4165,21.0652,0.56,1,ok
HB__bcsstk30,28924,2043492,AAt,8946070,8946070,38.2072,24.9447,0.65,1,ok
HB__bcsstk31,35588,1181416,AA,4713765,4713580,9.0278,21.4797,2.38,0,ok
HB__bcsstk31,35588,1181416,AAt,4713766,4713580,10.2578,15.6330,1.52,0,ok
HB__bcsstk32,44609,2014701,AA,6819653,6819653,19.1825,17.8248,0.93,1,ok
HB__bcsstk32,44609,2014701,AAt,6819653,6819653,20.2308,19.4156,0.96,1,ok
HB__bcsstk33,8738,591904,AA,2569536,2569536,10.0669,45.2254,4.49,1,ok
HB__bcsstk33,8738,591904,AAt,2569536,2569536,12.3562,31.2208,2.53,1,ok
HB__bcsstm01,48,48,AA,48,48,4.2003,10.7158,2.55,1,ok
HB__bcsstm01,48,48,AAt,48,48,6.0842,10.8462,1.78,1,ok
HB__bcsstm02,66,66,AA,66,66,2.4465,10.8090,4.42,1,ok
HB__bcsstm02,66,66,AAt,66,66,3.9174,10.7832,2.75,1,ok
HB__bcsstm03,112,112,AA,112,112,2.3922,8.3893,3.51,1,ok
HB__bcsstm03,112,112,AAt,112,112,2.9318,8.0587,2.75,1,ok
HB__bcsstm04,132,132,AA,132,132,2.2878,7.8489,3.43,1,ok
HB__bcsstm04,132,132,AAt,132,132,3.1308,8.1585,2.61,1,ok
HB__bcsstm05,153,153,AA,153,153,0.0675,6.9661,103.20,1,ok
HB__bcsstm05,153,153,AAt,153,153,0.0899,6.3025,70.11,1,ok
HB__bcsstm06,420,420,AA,420,420,0.0678,0.1996,2.94,1,ok
HB__bcsstm06,420,420,AAt,420,420,0.0905,0.1994,2.20,1,ok
HB__bcsstm07,420,7252,AA,22972,22972,0.1712,3.7487,21.90,1,ok
HB__bcsstm07,420,7252,AAt,22972,22972,0.2138,0.3628,1.70,1,ok
HB__bcsstm08,1074,1074,AA,1074,1074,0.0694,0.2026,2.92,1,ok
HB__bcsstm08,1074,1074,AAt,1074,1074,0.0932,0.2036,2.18,1,ok
HB__bcsstm09,1083,1083,AA,1083,1083,0.0697,0.2015,2.89,1,ok
HB__bcsstm09,1083,1083,AAt,1083,1083,0.0938,0.2014,2.15,1,ok
HB__bcsstm10,1086,22092,AA,54504,54504,0.1916,9.2170,48.11,1,ok
HB__bcsstm10,1086,22092,AAt,54504,54504,0.2211,0.3664,1.66,1,ok
HB__bcsstm11,1473,1473,AA,1473,1473,0.0709,0.2003,2.83,1,ok
HB__bcsstm11,1473,1473,AAt,1473,1473,0.0939,0.2013,2.14,1,ok
HB__bcsstm12,1473,19659,AA,53615,53615,0.1817,0.6516,3.59,1,ok
HB__bcsstm12,1473,19659,AAt,53615,53615,0.2065,1.6501,7.99,1,ok
HB__bcsstm13,2003,21943,AA,90811,90811,0.4457,0.4159,0.93,1,ok
HB__bcsstm13,2003,21943,AAt,90811,90811,0.5272,0.4325,0.82,1,ok
HB__bcsstm19,817,817,AA,817,817,0.0720,0.2073,2.88,1,ok
HB__bcsstm19,817,817,AAt,817,817,0.0946,0.2046,2.16,1,ok
HB__bcsstm20,485,485,AA,485,485,0.0729,0.2086,2.86,1,ok
HB__bcsstm20,485,485,AAt,485,485,0.0980,0.2084,2.13,1,ok
HB__bcsstm21,3600,3600,AA,3600,3600,0.1326,0.2047,1.54,1,ok
HB__bcsstm21,3600,3600,AAt,3600,3600,0.1552,0.2044,1.32,1,ok
HB__bcsstm22,138,138,AA,138,138,9.6589,0.1945,0.02,1,ok
HB__bcsstm22,138,138,AAt,138,138,14.1110,0.1935,0.01,1,ok
HB__bcsstm23,3134,3134,AA,3134,3134,5.0781,32.6050,6.42,1,ok
HB__bcsstm23,3134,3134,AAt,3134,3134,7.5270,32.7065,4.35,1,ok
HB__bcsstm24,3562,3562,AA,3562,3562,5.0792,17.1141,3.37,1,ok
HB__bcsstm24,3562,3562,AAt,3562,3562,7.5256,17.1146,2.27,1,ok
HB__bcsstm25,15439,15439,AA,15439,15439,5.1029,17.1221,3.36,1,ok
HB__bcsstm25,15439,15439,AAt,15439,15439,7.5612,17.1234,2.26,1,ok
HB__bcsstm26,1922,1922,AA,1922,1922,5.0177,17.1117,3.41,1,ok
HB__bcsstm26,1922,1922,AAt,1922,1922,7.4639,17.1141,2.29,1,ok
HB__bcsstm27,1224,56126,AA,138106,138106,5.4398,19.7475,3.63,1,ok
HB__bcsstm27,1224,56126,AAt,138106,138106,7.9289,19.6996,2.48,1,ok
HB__blckhole,2132,14872,AA,41546,41546,5.1203,17.7693,3.47,1,ok
HB__blckhole,2132,14872,AAt,41546,41546,7.5725,17.1315,2.26,1,ok
HB__bp_0,822,3276,AA,9384,9384,5.6155,17.1258,3.05,1,ok
HB__bp_0,822,3276,AAt,10552,10552,8.1960,17.1264,2.09,1,ok
HB__bp_1000,822,4661,AA,21373,21373,5.7808,17.1263,2.96,1,ok
HB__bp_1000,822,4661,AAt,16620,16620,8.4407,17.1285,2.03,1,ok
HB__bp_1200,822,4726,AA,22313,22313,5.7372,17.1253,2.98,1,ok
HB__bp_1200,822,4726,AAt,16546,16546,8.4449,17.1247,2.03,1,ok
HB__bp_1400,822,4790,AA,23154,23154,5.7808,17.1231,2.96,1,ok
HB__bp_1400,822,4790,AAt,16896,16896,8.4610,17.1238,2.02,1,ok
HB__bp_1600,822,4841,AA,23625,23625,5.7766,17.1267,2.96,1,ok
HB__bp_1600,822,4841,AAt,17066,17066,8.4507,17.1276,2.03,1,ok
HB__bp_200,822,3802,AA,13197,13197,5.6670,17.1279,3.02,1,ok
HB__bp_200,822,3802,AAt,13376,13376,8.3861,17.1284,2.04,1,ok
HB__bp_400,822,4028,AA,15238,15238,5.6944,17.1253,3.01,1,ok
HB__bp_400,822,4028,AAt,14428,14428,8.4001,17.1238,2.04,1,ok
HB__bp_600,822,4172,AA,16464,16464,5.7168,17.1291,3.00,1,ok
HB__bp_600,822,4172,AAt,14688,14688,8.4669,17.1304,2.02,1,ok
HB__bp_800,822,4534,AA,20224,20224,5.7792,17.1238,2.96,1,ok
HB__bp_800,822,4534,AAt,16402,16402,8.4715,17.1222,2.02,1,ok
HB__can_1054,1054,12196,AA,60248,60248,5.1374,17.1320,3.33,1,ok
HB__can_1054,1054,12196,AAt,60248,60248,7.6171,17.1350,2.25,1,ok
HB__can_1072,1072,12444,AA,62316,62316,5.1365,26.3244,5.12,1,ok
HB__can_1072,1072,12444,AAt,62316,62316,7.6174,24.2789,3.19,1,ok
HB__can_144,144,1296,AA,3456,3456,5.0878,17.1079,3.36,1,ok
HB__can_144,144,1296,AAt,3456,3456,7.5379,17.1100,2.27,1,ok
HB__can_161,161,1377,AA,3761,3761,5.1029,17.1112,3.35,1,ok
HB__can_161,161,1377,AAt,3761,3761,7.5604,17.1103,2.26,1,ok
HB__can_187,187,1491,AA,3719,3719,5.0955,17.1085,3.36,1,ok
HB__can_187,187,1491,AAt,3719,3719,7.5438,17.1083,2.27,1,ok
HB__can_229,229,1777,AA,5017,5017,5.0974,17.1054,3.36,1,ok
HB__can_229,229,1777,AAt,5017,5017,7.5437,17.1066,2.27,1,ok
HB__can_24,24,160,AA,336,336,5.0269,17.0982,3.40,1,ok
HB__can_24,24,160,AAt,336,336,7.4720,17.0959,2.29,1,ok
HB__can_256,256,2916,AA,18568,18568,5.2804,17.1202,3.24,1,ok
HB__can_256,256,2916,AAt,18568,18568,7.7756,17.1231,2.20,1,ok
HB__can_268,268,3082,AA,15590,15590,5.1291,17.1232,3.34,1,ok
HB__can_268,268,3082,AAt,15590,15590,7.5986,17.1238,2.25,1,ok
HB__can_292,292,2540,AA,11670,11670,5.1328,17.1246,3.34,1,ok
HB__can_292,292,2540,AAt,11670,11670,7.5998,17.1242,2.25,1,ok
HB__can_445,445,3809,AA,11193,11193,5.1096,17.1121,3.35,1,ok
HB__can_445,445,3809,AAt,11193,11193,7.5549,17.1137,2.27,1,ok
HB__can_61,61,557,AA,1793,1793,5.0413,17.1037,3.39,1,ok
HB__can_61,61,557,AAt,1793,1793,7.4968,17.1024,2.28,1,ok
HB__can_62,62,218,AA,482,482,5.0237,17.1001,3.40,1,ok
HB__can_62,62,218,AAt,482,482,7.4685,17.1004,2.29,1,ok
HB__can_634,634,7228,AA,25446,25446,5.1405,17.3003,3.37,1,ok
HB__can_634,634,7228,AAt,25446,25446,7.5990,17.8366,2.35,1,ok
HB__can_715,715,6665,AA,39785,39785,5.3730,17.1239,3.19,1,ok
HB__can_715,715,6665,AAt,39785,39785,7.8279,17.1246,2.19,1,ok
HB__can_73,73,377,AA,1377,1377,5.0295,17.1058,3.40,1,ok
HB__can_73,73,377,AAt,1377,1377,7.4800,17.1010,2.29,1,ok
HB__can_838,838,10010,AA,51156,51156,5.1323,17.1261,3.34,1,ok
HB__can_838,838,10010,AAt,51156,51156,7.6027,17.2133,2.26,1,ok
HB__can_96,96,768,AA,1920,1920,5.0342,17.1013,3.40,1,ok
HB__can_96,96,768,AAt,1920,1920,7.4800,17.0989,2.29,1,ok
