tag,task,choice,desc_ms,run_ms,total_ms,ms_ours,ms_cus
HB__1138_bus,AA,ours,0.0029,0.1669,0.1698,0.1603,0.2037
HB__1138_bus,AAt,ours,0.0057,0.1952,0.2009,0.1916,0.2054
HB__494_bus,AA,ours,0.0017,0.1464,0.1481,0.1432,0.2017
HB__494_bus,AAt,ours,0.0029,0.1704,0.1733,0.1648,0.2009
HB__662_bus,AA,ours,0.0021,0.1488,0.1510,0.1483,0.2085
HB__662_bus,AAt,ours,0.0092,2.1433,2.1526,0.1719,0.2084
HB__685_bus,AA,ours,0.0023,0.1544,0.1567,0.1513,0.2112
HB__685_bus,AAt,ours,0.0061,0.1830,0.1891,0.1824,0.2115
HB__arc130,AA,cusparse,0.0010,0.2159,0.2169,0.3626,0.2200
HB__arc130,AAt,cusparse,0.0024,0.2882,0.2905,0.4847,0.2222
HB__ash292,AA,ours,0.0016,0.1453,0.1469,0.1481,0.2096
HB__ash292,AAt,ours,0.0029,0.1720,0.1749,0.1757,0.2097
HB__ash85,AA,ours,0.0006,0.0798,0.0804,0.0796,0.2091
HB__ash85,AAt,ours,0.0016,0.1037,0.1053,0.1050,0.2074
HB__bcspwr01,AA,ours,0.0004,0.0739,0.0743,0.0730,0.1983
HB__bcspwr01,AAt,ours,0.0014,0.0955,0.0969,0.0958,0.1990
HB__bcspwr02,AA,ours,0.0004,0.0757,0.0761,0.0756,0.1972
HB__bcspwr02,AAt,ours,0.0016,0.1005,0.1021,0.1000,0.1970
HB__bcspwr03,AA,ours,0.0006,1.2054,1.2061,0.0796,0.1957
HB__bcspwr03,AAt,ours,0.0015,1.0779,1.0794,0.1038,0.1959
HB__bcspwr04,AA,ours,0.0012,0.1515,0.1527,0.1553,0.2024
HB__bcspwr04,AAt,ours,0.0024,0.1825,0.1849,0.1839,0.2039
HB__bcspwr05,AA,ours,0.0014,0.1436,0.1450,0.1448,0.2072
HB__bcspwr05,AAt,ours,0.0030,0.1697,0.1728,0.1731,0.2079
HB__bcspwr06,AA,ours,0.0037,0.1562,0.1599,0.1561,0.2088
HB__bcspwr06,AAt,ours,0.0086,0.1857,0.1944,0.1862,0.2070
HB__bcspwr07,AA,ours,0.0039,0.1530,0.1569,0.1551,0.2114
HB__bcspwr07,AAt,ours,0.0090,0.1821,0.1911,0.1790,0.2077
HB__bcspwr08,AA,ours,0.0041,0.1728,0.1769,0.1585,0.2129
HB__bcspwr08,AAt,ours,0.0092,0.1856,0.1948,0.1873,0.2090
HB__bcspwr09,AA,ours,0.0044,0.1585,0.1629,0.1520,0.2100
HB__bcspwr09,AAt,ours,0.0110,0.1827,0.1937,0.1825,0.2042
HB__bcspwr10,AA,ours,0.0139,4.3115,4.3255,0.1748,0.4567
HB__bcspwr10,AAt,ours,0.0287,5.0340,5.0628,0.2056,0.4174
HB__bcsstk01,AA,ours,0.0005,0.0808,0.0813,0.0815,0.2686
HB__bcsstk01,AAt,ours,0.0015,0.1057,0.1072,0.1073,0.1983
HB__bcsstk02,AA,cusparse,0.0025,0.3152,0.3177,0.4689,0.9269
HB__bcsstk02,AAt,cusparse,0.0030,0.8371,0.8401,0.5266,0.6970
HB__bcsstk03,AA,ours,0.0008,0.0738,0.0746,0.0755,0.2012
HB__bcsstk03,AAt,ours,0.0017,0.0974,0.0990,0.6312,0.2005
HB__bcsstk04,AA,ours,0.0022,0.2977,0.2999,0.9294,2.2265
HB__bcsstk04,AAt,ours,0.0025,0.3448,0.3473,0.3444,0.3686
HB__bcsstk05,AA,ours,0.0016,0.1620,0.1636,0.1631,0.2165
HB__bcsstk05,AAt,ours,0.0022,0.1999,0.2021,0.1980,0.2301
HB__bcsstk06,AA,ours,0.0044,0.1694,0.1739,0.1735,16.7181
HB__bcsstk06,AAt,ours,0.0046,0.2039,0.2086,1.1230,12.3729
HB__bcsstk07,AA,ours,0.0044,0.1732,0.1776,0.7874,2.0053
HB__bcsstk07,AAt,ours,0.0040,0.3278,0.3318,0.2077,0.3733
HB__bcsstk08,AA,cusparse,0.0072,4.6192,4.6264,1.0475,0.9676
HB__bcsstk08,AAt,cusparse,0.0074,4.8688,4.8762,1.7492,1.1417
HB__bcsstk09,AA,ours,0.0100,0.6997,0.7098,0.1705,5.1139
HB__bcsstk09,AAt,ours,0.0101,0.5170,0.5271,6.6182,7.1330
HB__bcsstk10,AA,ours,0.0118,0.1743,0.1861,0.1755,33.3561
HB__bcsstk10,AAt,ours,0.0113,0.2154,0.2267,0.3388,30.9892
HB__bcsstk11,AA,ours,0.0183,0.1933,0.2117,0.8166,12.8060
HB__bcsstk11,AAt,ours,0.0174,0.2380,0.2555,0.2322,14.1771
HB__bcsstk12,AA,ours,0.0181,0.1902,0.2084,0.1931,10.8118
HB__bcsstk12,AAt,ours,0.0171,0.2603,0.2775,0.2373,14.5109
HB__bcsstk13,AA,cusparse,0.0559,1.0122,1.0681,1.5951,1.2048
HB__bcsstk13,AAt,cusparse,0.0520,1.4478,1.4998,1.3839,1.2318
HB__bcsstk14,AA,ours,0.0365,0.4916,0.5281,1.0040,14.2590
HB__bcsstk14,AAt,ours,0.0321,0.5539,0.5860,1.5173,15.7189
HB__bcsstk15,AA,ours,0.0770,0.5533,0.6303,1.1767,34.8393
HB__bcsstk15,AAt,ours,0.0758,0.6213,0.6971,1.1854,33.8016
HB__bcsstk16,AA,cusparse,0.1558,3.9698,4.1255,3.7954,75.2629
HB__bcsstk16,AAt,cusparse,0.1143,3.2566,3.3709,3.8885,78.8613
HB__bcsstk17,AA,ours,0.2219,2.7706,2.9924,7.3057,70.2589
HB__bcsstk17,AAt,ours,0.1667,4.8371,5.0038,2.7921,32.2304
HB__bcsstk18,AA,ours,0.0925,0.9172,1.0096,0.7309,4.4520
HB__bcsstk18,AAt,ours,0.1273,1.7882,1.9155,1.4880,26.4613
HB__bcsstk19,AA,ours,0.0041,0.6260,0.6301,0.1590,0.5450
HB__bcsstk19,AAt,ours,0.0069,0.6537,0.6606,0.1896,0.3541
HB__bcsstk20,AA,ours,0.0021,0.1445,0.1466,0.1437,0.2106
HB__bcsstk20,AAt,ours,0.0026,0.1700,0.1725,0.1725,0.2094
HB__bcsstk21,AA,ours,0.0157,0.1681,0.1838,0.2211,0.3727
HB__bcsstk21,AAt,ours,0.0230,0.1994,0.2224,0.2045,0.5144
HB__bcsstk22,AA,ours,0.0007,0.0815,0.0822,0.0829,0.7547
HB__bcsstk22,AAt,ours,0.0018,0.1029,0.1046,0.1618,2.0210
HB__bcsstk23,AA,ours,0.0266,0.2424,0.2690,0.2442,25.2790
HB__bcsstk23,AAt,ours,0.0327,0.2812,0.3139,7.2613,13.0803
HB__bcsstk24,AA,ours,0.0861,0.9625,1.0486,5.8526,18.8993
HB__bcsstk24,AAt,ours,0.0805,1.0436,1.1241,8.2416,21.4490
HB__bcsstk25,AA,ours,0.1382,0.5830,0.7212,0.5798,18.2653
HB__bcsstk25,AAt,ours,0.1441,0.6431,0.7872,0.6458,26.4938
HB__bcsstk26,AA,ours,0.0166,0.2153,0.2319,0.2170,13.3550
HB__bcsstk26,AAt,ours,0.0168,0.2528,0.2696,0.2644,1.4161
HB__bcsstk27,AA,ours,0.0316,1.3943,1.4259,0.5186,0.8820
HB__bcsstk27,AAt,ours,0.0263,2.4177,2.4439,0.5867,0.7190
HB__bcsstk28,AA,ours,0.1252,4.0350,4.1602,1.6273,2.1232
HB__bcsstk28,AAt,ours,0.1054,2.6370,2.7423,1.7266,2.1034
HB__bcsstk29,AA,ours,0.3200,5.8166,6.1366,3.9161,4.4703
HB__bcsstk29,AAt,ours,0.2390,4.0034,4.2423,4.0025,5.6103
HB__bcsstk30,AA,cusparse,1.0612,11.6135,12.6747,68.1277,11.9713
HB__bcsstk30,AAt,cusparse,0.7411,29.1453,29.8864,72.7890,12.6795
HB__bcsstk31,AA,ours,0.6147,5.8691,6.4837,13.1753,25.4783
HB__bcsstk31,AAt,ours,0.5056,6.0572,6.5628,15.7777,24.0617
HB__bcsstk32,AA,ours,1.3056,13.2458,14.5514,13.3790,49.9350
HB__bcsstk32,AAt,ours,0.7988,13.4927,14.2916,13.5037,74.8806
HB__bcsstk33,AA,cusparse,0.3027,6.3658,6.6685,7.3159,4.5382
HB__bcsstk33,AAt,cusparse,0.2147,6.0007,6.2154,7.8346,4.5647
HB__bcsstm01,AA,ours,0.0003,0.0685,0.0688,0.6676,0.5480
HB__bcsstm01,AAt,ours,0.0014,0.0904,0.0918,0.9974,1.7955
HB__bcsstm02,AA,ours,0.0005,0.0686,0.0690,0.0740,0.1992
HB__bcsstm02,AAt,ours,0.0015,0.3535,0.3550,0.0936,0.1975
HB__bcsstm03,AA,ours,0.0005,0.0677,0.0682,0.0709,0.1899
HB__bcsstm03,AAt,ours,0.0016,0.0911,0.0928,0.0938,0.1867
HB__bcsstm04,AA,ours,0.0005,0.1376,0.1382,0.0713,0.5228
HB__bcsstm04,AAt,ours,0.0019,0.0892,0.0911,0.9829,0.2045
HB__bcsstm05,AA,ours,0.0005,0.8365,0.8371,0.5077,1.6465
HB__bcsstm05,AAt,ours,0.0019,0.1735,0.1754,0.0948,0.6167
HB__bcsstm06,AA,ours,0.0019,0.0681,0.0699,0.6616,0.7932
HB__bcsstm06,AAt,ours,0.0026,0.0909,0.0935,0.0915,0.2162
HB__bcsstm07,AA,ours,0.0042,0.1720,0.1762,4.1786,1.6121
HB__bcsstm07,AAt,ours,0.0039,0.2138,0.2177,7.4399,1.8309
HB__bcsstm08,AA,ours,0.0018,0.0707,0.0726,0.0707,0.2035
HB__bcsstm08,AAt,ours,0.0056,0.0993,0.1049,0.0963,0.2034
HB__bcsstm09,AA,ours,0.0014,0.0729,0.0743,0.0714,1.1768
HB__bcsstm09,AAt,ours,0.0071,0.0981,0.1052,0.0966,0.2128
HB__bcsstm10,AA,ours,0.0121,0.1764,0.1885,0.1761,0.3972
HB__bcsstm10,AAt,ours,0.0125,0.2166,0.2291,0.2192,0.3962
HB__bcsstm11,AA,ours,0.0020,0.0727,0.0746,0.0734,0.2105
HB__bcsstm11,AAt,ours,0.0135,0.1948,0.2083,0.0951,0.2090
HB__bcsstm12,AA,ours,0.0108,0.1740,0.1848,5.6413,1.2758
HB__bcsstm12,AAt,ours,0.0129,0.2035,0.2164,0.2138,0.5308
HB__bcsstm13,AA,ours,0.0121,0.4750,0.4871,0.7729,0.7742
HB__bcsstm13,AAt,ours,0.0147,0.5368,0.5515,1.4939,0.4450
HB__bcsstm19,AA,ours,0.0010,0.0695,0.0705,0.0713,0.2551
HB__bcsstm19,AAt,ours,0.0049,0.0899,0.0948,0.0958,0.5081
HB__bcsstm20,AA,ours,0.0007,0.1139,0.1146,0.6586,1.5860
HB__bcsstm20,AAt,ours,0.0021,0.1352,0.1373,0.0953,0.2079
HB__bcsstm21,AA,ours,0.0039,0.4616,0.4655,4.8399,16.3663
HB__bcsstm21,AAt,ours,0.0153,0.1578,0.1731,7.3612,15.4183
HB__bcsstm22,AA,ours,0.0003,0.0709,0.0712,0.0715,0.1976
HB__bcsstm22,AAt,ours,0.0023,0.0952,0.0975,0.0927,0.1941
HB__bcsstm23,AA,ours,0.0035,0.1334,0.1369,0.7415,1.6207
HB__bcsstm23,AAt,ours,0.0149,0.1591,0.1740,0.1586,0.2090
HB__bcsstm24,AA,ours,0.0038,0.1351,0.1389,0.1330,0.2112
HB__bcsstm24,AAt,ours,0.0161,0.1598,0.1759,0.1592,0.2121
HB__bcsstm25,AA,ours,0.0156,0.1519,0.1675,0.1646,0.2180
HB__bcsstm25,AAt,ours,0.0615,0.1841,0.2456,0.1844,0.2161
HB__bcsstm26,AA,ours,0.0021,0.0745,0.0766,0.0743,0.2094
HB__bcsstm26,AAt,ours,0.0136,0.0975,0.1111,1.0022,0.2089
HB__bcsstm27,AA,ours,0.0295,0.5152,0.5447,0.5242,1.9928
HB__bcsstm27,AAt,ours,0.0275,0.6044,0.6319,0.5895,1.1459
HB__blckhole,AA,ours,0.0088,0.1744,0.1832,0.7724,8.1405
HB__blckhole,AAt,ours,0.0176,0.2019,0.2195,0.2020,5.1715
HB__bp_0,AA,cusparse,0.0022,0.2085,0.2107,5.2591,0.4803
HB__bp_0,AAt,cusparse,0.0048,0.2784,0.2832,7.9163,0.2219
HB__bp_1000,AA,cusparse,0.0030,0.6504,0.6534,0.7163,0.2188
HB__bp_1000,AAt,cusparse,0.0050,0.6379,0.6430,0.8082,0.2187
HB__bp_1200,AA,cusparse,0.0030,0.2085,0.2115,0.7604,0.2200
HB__bp_1200,AAt,cusparse,0.0058,2.4044,2.4102,0.8086,0.2202
HB__bp_1400,AA,cusparse,0.0035,1.4650,1.4685,0.7393,0.2190
HB__bp_1400,AAt,cusparse,0.0072,1.7192,1.7264,0.8057,0.2186
HB__bp_1600,AA,cusparse,0.0031,0.2099,0.2130,0.7139,0.2215
HB__bp_1600,AAt,cusparse,0.0070,0.2731,0.2801,0.8067,0.2229
HB__bp_200,AA,cusparse,0.0025,0.2118,0.2144,5.5211,0.2184
HB__bp_200,AAt,cusparse,0.0057,0.2727,0.2784,8.1222,0.2203
HB__bp_400,AA,cusparse,0.0027,0.2119,0.2146,0.6539,0.2205
HB__bp_400,AAt,cusparse,0.0042,0.2759,0.2800,0.7916,0.2219
HB__bp_600,AA,cusparse,0.0027,0.2106,0.2133,0.6797,0.2208
HB__bp_600,AAt,cusparse,0.0072,0.2745,0.2817,0.8183,0.2219
HB__bp_800,AA,cusparse,0.0028,0.2093,0.2121,0.6972,0.2209
HB__bp_800,AAt,cusparse,0.0062,0.2755,0.2817,0.8097,0.2216
HB__can_1054,AA,ours,0.0069,0.2010,0.2078,0.2039,0.5658
HB__can_1054,AAt,ours,0.0092,0.2472,0.2563,0.2473,6.1865
HB__can_1072,AA,ours,0.0069,0.1964,0.2033,0.1997,0.4431
HB__can_1072,AAt,ours,0.0087,0.2412,0.2499,0.2413,1.3031
HB__can_144,AA,ours,0.0012,0.1445,0.1457,0.1485,0.2087
HB__can_144,AAt,ours,0.0020,0.1739,0.1758,0.1722,0.2085
HB__can_161,AA,ours,0.0010,0.1503,0.1513,0.1531,0.2075
HB__can_161,AAt,ours,0.0025,0.1783,0.1808,0.1799,0.2092
HB__can_187,AA,ours,0.0010,0.1419,0.1429,0.1465,0.2074
HB__can_187,AAt,ours,0.0020,1.1783,1.1803,0.1711,0.2081
HB__can_229,AA,ours,0.0012,0.1456,0.1468,0.1454,0.2076
HB__can_229,AAt,ours,0.0021,0.1697,0.1718,0.1714,0.2069
HB__can_24,AA,ours,0.0004,0.0776,0.0780,0.0766,0.1870
HB__can_24,AAt,ours,0.0015,0.1043,0.1058,0.1041,0.1866
HB__can_256,AA,cusparse,0.0018,0.2111,0.2129,0.3235,0.2074
HB__can_256,AAt,cusparse,0.0026,0.2709,0.2734,0.3765,0.2067
HB__can_268,AA,ours,0.0021,0.1862,0.1883,0.1878,0.2094
HB__can_268,AAt,ours,0.0027,0.2289,0.2316,0.2261,0.2094
HB__can_292,AA,ours,0.0018,0.1794,0.1811,0.1763,0.2099
HB__can_292,AAt,ours,0.0035,0.2226,0.2261,0.2149,0.2106
HB__can_445,AA,ours,0.0023,0.1601,0.1625,0.1548,0.2020
HB__can_445,AAt,ours,0.0031,0.1838,0.1868,0.1810,0.2033
HB__can_61,AA,ours,0.0006,0.4123,0.4130,0.0975,0.1969
HB__can_61,AAt,ours,0.0018,1.1802,1.1820,0.1276,0.1991
HB__can_62,AA,ours,0.0004,0.3599,0.3603,0.0755,0.1978
HB__can_62,AAt,ours,0.0015,1.1527,1.1541,0.0970,0.1978
HB__can_634,AA,ours,0.0041,1.0990,1.1031,0.1962,3.7054
HB__can_634,AAt,ours,0.0055,0.2306,0.2361,0.2290,3.3987
HB__can_715,AA,cusparse,0.0038,0.3387,0.3425,0.3504,0.5053
HB__can_715,AAt,cusparse,0.0067,1.2748,1.2816,0.4218,0.4299
HB__can_73,AA,ours,0.0005,0.0814,0.0818,0.0803,0.1987
HB__can_73,AAt,ours,0.0014,0.1044,0.1058,0.1061,0.1986
HB__can_838,AA,ours,0.0069,0.1842,0.1911,0.1846,0.3547
HB__can_838,AAt,ours,0.0093,0.2251,0.2343,0.2305,0.3551
HB__can_96,AA,ours,0.0007,0.0798,0.0804,0.0797,0.1967
HB__can_96,AAt,ours,0.0017,0.1530,0.1548,0.1072,0.1977
Gset__G57,AA,ours,0.0127,0.1586,0.1713,0.1555,0.3640
Gset__G57,AAt,ours,0.0244,0.3252,0.3496,0.1839,0.5693
HB__sherman3,AA,cusparse,0.0127,1.9531,1.9658,4.9747,0.4187
HB__sherman3,AAt,cusparse,0.0260,1.7146,1.7406,7.3658,0.3601
Shyy__shyy41,AA,ours,0.0127,0.5507,0.5634,0.1581,1.2397
Shyy__shyy41,AAt,ours,0.0256,0.7230,0.7486,0.1834,0.3673
Bai__rw5151,AA,ours,0.0129,0.1596,0.1725,0.1628,2.8233
Bai__rw5151,AAt,ours,0.0270,0.1912,0.2182,7.3564,1.0408
SNAP__CollegeMsg,AA,ours,0.0113,0.9636,0.9749,0.9649,19.7749
SNAP__CollegeMsg,AAt,ours,0.0173,1.1085,1.1257,1.1161,19.5116
Oberwolfach__t3dl_e,AA,ours,0.0205,0.1580,0.1785,0.1600,0.2147
Oberwolfach__t3dl_e,AAt,ours,0.0841,0.1801,0.2642,0.1841,0.3609
Schenk_IBMNA__c-20,AA,ours,0.0130,0.9548,0.9678,0.9596,0.8545
Schenk_IBMNA__c-20,AAt,ours,0.0180,1.0517,1.0698,1.0574,0.6004
SNAP__p2p-Gnutella08,AA,ours,0.0137,0.2458,0.2595,0.2454,0.3693
SNAP__p2p-Gnutella08,AAt,ours,0.0316,0.6118,0.6434,7.6497,1.8289
Wang__swang1,AA,ours,0.0122,0.1661,0.1783,0.1636,10.0443
Wang__swang1,AAt,ours,0.0188,1.1855,1.2042,0.1927,0.3676
Bomhof__circuit_2,AA,cusparse,0.0130,3.6550,3.6681,4.2143,1.9144
Bomhof__circuit_2,AAt,cusparse,0.0242,6.2476,6.2718,5.5738,1.3632
TOKAMAK__utm1700b,AA,ours,0.0119,0.9600,0.9719,0.2058,0.3792
TOKAMAK__utm1700b,AAt,ours,0.0121,0.8673,0.8794,7.4655,0.3877
Hamrle__Hamrle2,AA,ours,0.0143,0.1612,0.1755,0.1638,5.0450
Hamrle__Hamrle2,AAt,ours,0.0307,0.1833,0.2139,0.1920,0.7349
Rommes__bips98_606,AA,ours,0.0211,0.2060,0.2271,0.2078,0.7022
Rommes__bips98_606,AAt,ours,0.0410,0.2451,0.2861,0.2452,0.5228
SNAP__soc-sign-bitcoin-otc,AA,cusparse,0.0217,0.8975,0.9192,7.2512,0.9549
SNAP__soc-sign-bitcoin-otc,AAt,cusparse,0.0364,2.1441,2.1805,10.2374,0.9036
Rommes__bips07_1693,AA,ours,0.0331,0.2166,0.2497,0.2225,0.6378
Rommes__bips07_1693,AAt,ours,0.0711,0.2623,0.3335,0.2601,0.5900
DRIVCAV__cavity10,AA,ours,0.0457,0.5422,0.5879,0.5391,1.3770
DRIVCAV__cavity10,AAt,ours,0.0452,0.6294,0.6745,0.6345,1.0886
Shen__shermanACb,AA,ours,0.0916,25.8786,25.9702,64.9232,1.1326
Shen__shermanACb,AAt,cusparse,0.1509,35.9919,36.1428,98.6027,28.0095
VDOL__lowThrust_7,AA,cusparse,0.1222,13.9292,14.0514,112.3188,19.8890
VDOL__lowThrust_7,AAt,cusparse,0.1562,15.6587,15.8150,51.7315,14.5826
Mallya__lhr10,AA,ours,0.1253,0.9767,1.1021,0.9788,1.4647
Mallya__lhr10,AAt,ours,0.1364,1.6861,1.8225,1.3888,1.7707
ML_Graph__worms20_10NN,AA,ours,0.1340,0.4306,0.5645,0.4379,1.0055
ML_Graph__worms20_10NN,AAt,ours,0.1841,0.6581,0.8422,3.4643,1.0099
Cylshell__s1rmq4m1,AA,ours,0.1457,2.1726,2.3183,1.3793,20.1423
Cylshell__s1rmq4m1,AAt,ours,0.1089,2.4083,2.5172,1.4653,20.3625
Oberwolfach__inlet,AA,ours,0.2138,1.9363,2.1501,1.2142,2.3601
Oberwolfach__inlet,AAt,ours,0.1755,2.1103,2.2858,1.2198,2.2663
GHS_indef__ncvxbqp1,AA,ours,0.2028,0.6856,0.8885,0.6867,0.9647
GHS_indef__ncvxbqp1,AAt,ours,0.3321,0.7296,1.0617,0.7250,0.9612
QLi__crashbasis,AA,ours,0.9707,2.2920,3.2626,7.1378,20.5835
QLi__crashbasis,AAt,ours,1.2620,2.5112,3.7733,2.5226,24.0205
QLi__majorbasis,AA,ours,0.9680,2.3108,3.2788,2.2992,3.4866
QLi__majorbasis,AAt,ours,1.1892,2.5118,3.7009,2.5224,5.1447
Raju__laminar_duct3D,AA,cusparse,2.0306,19.1774,21.2081,57.5662,19.2282
Raju__laminar_duct3D,AAt,cusparse,1.5759,21.5527,23.1287,123.3347,18.2200
LAW__amazon-2008,AA,ours,5.4459,8.7001,14.1460,8.6570,31.3068
LAW__amazon-2008,AAt,ours,7.3997,37.3400,44.7397,14.4385,28.8891
QLi__largebasis,AA,ours,3.2862,6.2839,9.5702,6.2169,6.8325
QLi__largebasis,AAt,ours,4.0882,10.0173,14.1055,6.8614,6.8296
Goodwin__Goodwin_127,AA,ours,5.4083,37.5535,42.9618,26.2907,67.7576
Goodwin__Goodwin_127,AAt,ours,3.7776,38.9313,42.7088,27.0649,65.0816
