tag,n,nnz,C_nnz,ms_aat,ms_aats,speedup,match
HB__1138_bus,1138,4054,11142,0.1895,0.2218,0.854,1
HB__494_bus,494,1666,4062,0.1664,0.1875,0.887,1
HB__662_bus,662,2474,6480,0.1702,0.1979,0.860,1
HB__685_bus,685,3249,9337,0.1786,0.2067,0.864,1
HB__arc130,130,1282,15654,1.7329,1.7816,0.973,1
HB__ash292,292,2208,6042,0.1693,1.1752,0.144,1
HB__ash85,85,523,1317,0.1047,0.1257,0.833,1
HB__bcspwr01,39,131,275,0.0977,0.1214,0.805,1
HB__bcspwr02,49,167,403,0.0986,0.1230,0.802,1
HB__bcspwr03,118,476,1270,0.1043,0.1305,0.799,1
HB__bcspwr04,274,1612,4982,0.1818,0.2068,0.879,1
HB__bcspwr05,443,1623,4249,0.1678,0.1935,0.867,1
HB__bcspwr06,1454,5300,14110,4.0756,0.2067,19.717,1
HB__bcspwr07,1612,5824,15684,0.1785,0.2008,0.889,1
HB__bcspwr08,1624,6050,16916,0.1808,0.2089,0.865,1
HB__bcspwr09,1723,6511,18485,0.1825,0.2079,0.878,1
HB__bcspwr10,5300,21842,60498,0.2085,0.2292,0.910,1
HB__bcsstk01,48,400,1292,0.1080,0.1357,0.796,1
HB__bcsstk02,66,4356,4356,0.5366,0.5980,0.897,1
HB__bcsstk03,112,640,1072,0.0986,0.2301,0.429,1
HB__bcsstk04,132,3648,11968,0.3477,1.4224,0.244,1
HB__bcsstk05,153,2423,7245,0.2812,0.4023,0.699,1
HB__bcsstk06,420,7860,23660,0.2122,1.7566,0.121,1
HB__bcsstk07,420,7860,23660,1.3676,0.2456,5.568,1
HB__bcsstk08,1074,12960,305612,1.2096,1.2880,0.939,1
HB__bcsstk09,1083,18437,71289,0.2205,0.2630,0.838,1
HB__bcsstk10,1086,22070,54504,0.2165,0.2514,0.861,1
HB__bcsstk11,1473,34241,94187,0.2335,0.2724,0.857,1
HB__bcsstk12,1473,34241,94187,0.3351,0.2769,1.210,1
HB__bcsstk13,2003,83883,396773,1.3811,1.2029,1.148,1
HB__bcsstk14,1806,63454,195654,0.5596,0.5177,1.081,1
HB__bcsstk15,3948,117816,527688,1.9012,1.7826,1.067,1
HB__bcsstk16,4884,290378,1038782,4.6023,4.4476,1.035,1
HB__bcsstk17,10974,428650,1406936,4.5836,2.0677,2.217,1
HB__bcsstk18,11948,149090,713208,0.5003,0.5153,0.971,1
HB__bcsstk19,817,6853,18305,0.1864,0.2040,0.914,1
HB__bcsstk20,485,3135,5545,0.1710,0.2500,0.684,1
HB__bcsstk21,3600,26600,93072,0.2028,0.2162,0.938,1
HB__bcsstk22,138,696,1552,0.1049,0.1279,0.820,1
HB__bcsstk23,3134,45178,220632,0.2812,0.3120,0.901,1
HB__bcsstk24,3562,159910,446474,1.0395,2.9644,0.351,1
HB__bcsstk25,15439,252241,1168919,1.0118,2.0674,0.489,1
HB__bcsstk26,1922,30336,92530,0.7091,0.2802,2.531,1
HB__bcsstk27,1224,56126,138106,0.5844,0.5592,1.045,1
HB__bcsstk28,4410,219024,596072,1.8664,1.3871,1.346,1
HB__bcsstk29,13992,619488,1965686,3.9982,2.8416,1.407,1
HB__bcsstk30,28924,2043492,8946070,30.4978,18.4253,1.655,1
HB__bcsstk31,35588,1181416,4713580,8.7974,4.9000,1.795,1
HB__bcsstk32,44609,2014701,6819653,13.5284,9.3753,1.443,1
HB__bcsstk33,8738,591904,2569536,20.0483,4.7969,4.179,1
HB__bcsstm01,48,48,48,0.0901,0.1118,0.806,1
HB__bcsstm02,66,66,66,0.1042,0.1372,0.759,1
HB__bcsstm03,112,112,112,0.0905,0.1076,0.841,1
HB__bcsstm04,132,132,132,0.0889,0.1092,0.814,1
HB__bcsstm05,153,153,153,0.1328,0.1130,1.175,1
HB__bcsstm06,420,420,420,0.0895,0.1080,0.829,1
HB__bcsstm07,420,7252,22972,0.2122,0.2362,0.898,1
HB__bcsstm08,1074,1074,1074,2.2212,0.1123,19.779,1
HB__bcsstm09,1083,1083,1083,0.0928,0.1103,0.841,1
HB__bcsstm10,1086,22092,54504,1.2863,0.6142,2.094,1
HB__bcsstm11,1473,1473,1473,0.0916,0.1163,0.788,1
HB__bcsstm12,1473,19659,53615,0.2124,0.2388,0.889,1
HB__bcsstm13,2003,21943,90811,0.5324,0.5656,0.941,1
HB__bcsstm19,817,817,817,0.0951,0.1146,0.830,1
HB__bcsstm20,485,485,485,0.0938,0.1149,0.816,1
HB__bcsstm21,3600,3600,3600,0.2844,0.1890,1.505,1
HB__bcsstm22,138,138,138,0.0914,0.1088,0.840,1
HB__bcsstm23,3134,3134,3134,0.1580,0.1738,0.909,1
HB__bcsstm24,3562,3562,3562,0.1573,0.1765,0.891,1
HB__bcsstm25,15439,15439,15439,0.1760,0.2022,0.870,1
HB__bcsstm26,1922,1922,1922,1.0900,0.1147,9.503,1
HB__bcsstm27,1224,56126,138106,1.5087,1.6369,0.922,1
HB__blckhole,2132,14872,41546,0.2654,0.7170,0.370,1
HB__bp_0,822,3276,10552,0.7152,0.7437,0.962,1
HB__bp_1000,822,4661,16620,0.8227,0.8725,0.943,1
HB__bp_1200,822,4726,16546,0.8319,0.8387,0.992,1
HB__bp_1400,822,4790,16896,0.8100,0.8421,0.962,1
HB__bp_1600,822,4841,17066,0.8056,0.8408,0.958,1
HB__bp_200,822,3802,13376,0.8153,0.8463,0.963,1
HB__bp_400,822,4028,14428,0.7871,0.8205,0.959,1
HB__bp_600,822,4172,14688,0.8148,4.4056,0.185,1
HB__bp_800,822,4534,16402,2.3089,1.7242,1.339,1
HB__can_1054,1054,12196,60248,0.4806,0.9132,0.526,1
HB__can_1072,1072,12444,62316,0.4354,1.7525,0.248,1
HB__can_144,144,1296,3456,0.1739,0.1961,0.887,1
HB__can_161,161,1377,3761,0.1764,0.2066,0.854,1
HB__can_187,187,1491,3719,0.1717,0.1979,0.868,1
HB__can_229,229,1777,5017,0.1718,0.1986,0.865,1
HB__can_24,24,160,336,0.1034,0.1280,0.808,1
HB__can_256,256,2916,18568,0.3769,0.3917,0.962,1
HB__can_268,268,3082,15590,0.2255,0.2530,0.891,1
HB__can_292,292,2540,11670,0.2190,0.2472,0.886,1
HB__can_445,445,3809,11193,0.1844,0.2072,0.890,1
HB__can_61,61,557,1793,0.1274,0.1580,0.806,1
HB__can_62,62,218,482,0.0972,0.1215,0.800,1
HB__can_634,634,7228,25446,0.2263,0.2446,0.925,1
HB__can_715,715,6665,39785,0.4243,0.4525,0.938,1
HB__can_73,73,377,1377,0.1087,0.1326,0.820,1
HB__can_838,838,10010,51156,0.2328,0.2626,0.887,1
HB__can_96,96,768,1920,0.1082,0.1337,0.809,1
Gset__G57,5000,20000,45000,0.1855,0.2130,0.871,1
HB__sherman3,5005,20033,59909,0.2025,0.2244,0.902,1
Shyy__shyy41,4720,20042,53376,0.1827,0.2170,0.842,1
Bai__rw5151,5151,20199,64745,0.1932,0.2121,0.911,1
SNAP__CollegeMsg,1899,20296,320778,1.1169,1.1670,0.957,1
Oberwolfach__t3dl_e,20360,20360,20360,0.1859,0.2107,0.882,1
Schenk_IBMNA__c-20,2921,22685,212913,1.0618,0.7448,1.426,1
SNAP__p2p-Gnutella08,6301,20777,219107,0.3623,0.3425,1.058,1
Wang__swang1,3169,20841,55439,0.1988,0.2251,0.883,1
Bomhof__circuit_2,4510,21199,3299058,5.6454,4.9260,1.146,1
TOKAMAK__utm1700b,1700,21509,90936,0.2366,0.2548,0.929,1
Hamrle__Hamrle2,5952,22162,60494,0.1862,0.2154,0.864,1
Rommes__bips98_606,7135,34738,107949,0.2444,0.2674,0.914,1
SNAP__soc-sign-bitcoin-otc,5881,35592,1414978,3.0046,3.0159,0.996,1
Rommes__bips07_1693,13275,49044,139889,0.2568,0.2863,0.897,1
DRIVCAV__cavity10,2597,76367,356209,0.6238,0.6311,0.988,1
Shen__shermanACb,18510,145149,146608918,98.3679,85.2337,1.154,1
VDOL__lowThrust_7,17378,211561,46358098,51.8550,46.1989,1.122,1
Mallya__lhr10,10672,232633,1058820,1.3801,1.1992,1.151,1
ML_Graph__worms20_10NN,20055,240826,755765,0.4773,0.5362,0.890,1
Cylshell__s1rmq4m1,5489,281111,755453,1.4648,1.2419,1.179,1
Oberwolfach__inlet,11730,328323,1089250,1.2179,1.0529,1.157,1
GHS_indef__ncvxbqp1,50000,349968,1099432,0.7181,0.6955,1.032,1
QLi__crashbasis,160000,1750416,8224288,2.5038,2.6302,0.952,1
QLi__majorbasis,160000,1750416,8224288,2.5023,2.6490,0.945,1
Raju__laminar_duct3D,67173,3833077,17579159,52.9966,28.6258,1.851,1
LAW__amazon-2008,735323,5158388,48365714,14.3735,13.7348,1.047,1
QLi__largebasis,440020,5560100,17040280,6.8803,7.4588,0.922,1
Goodwin__Goodwin_127,178437,5778545,26802959,27.1007,23.7034,1.143,1
